#PS1ID,Filter,Mag,Magerr,MJD,Phot_flag,Infobits
153851661137291254,g,13.743,0.013,59528.523981,0,4096
153851661137291254,g,13.512,0.007,59509.508458,0,4096
153851661137291254,g,13.826,0.010,59524.536676,0,4096
153851661137291254,g,13.518,0.013,59538.412580,0,4096
153851661137291254,g,13.484,0.013,59550.471144,0,4096
153851661137291254,g,13.802,0.009,59522.514784,0,4096
153851661137291254,g,13.442,0.011,59532.517333,0,4096
153851661137291254,g,13.661,0.008,59530.431077,32,67112960
153851661137291254,g,13.683,0.013,59512.492166,0,4096
153851661137291254,g,13.839,0.011,59526.473112,0,4096
153851661137291254,g,12.975,0.014,59931.530849,0,4096
153851661137291254,g,13.373,0.011,59628.208170,0,4096
153851661137291254,g,13.099,0.012,59736.237815,0,4096
153851661137291254,g,13.415,0.012,59674.375177,0,4096
153851661137291254,g,13.242,0.011,59701.271311,0,4096
153851661137291254,g,13.482,0.011,59717.186722,0,4096
153851661137291254,g,12.854,0.006,59935.388037,0,4096
153851661137291254,g,13.042,0.017,59639.291179,0,4096
153851661137291254,g,13.323,0.019,59722.208307,48,4096
153851661137291254,g,13.019,0.015,59909.488501,0,4096
153851661137291254,g,13.279,0.013,59696.205357,0,67112960
153851661137291254,g,13.289,0.011,59694.362814,0,4096
153851661137291254,g,12.962,0.015,59933.447088,0,67112960
153851661137291254,g,13.360,0.010,59703.264391,0,4096
153851661137291254,g,13.531,0.009,59678.326995,0,4096
153851661137291254,g,13.148,0.010,59636.448593,0,4096
153851661137291254,g,13.501,0.012,59676.329955,0,4096
153851661137291254,g,12.730,0.009,59937.457257,0,67112960
153851661137291254,g,13.200,0.012,59710.208191,0,4096
153851661137291254,g,13.141,0.007,59902.473292,0,4096
153851661137291254,g,13.473,0.011,59683.298637,0,4096
153851661137291254,g,13.038,0.016,59900.489393,0,4096
153851661137291254,g,12.982,0.013,59906.429518,0,4096
153851661137291254,g,13.267,0.009,59699.221093,0,4096
153851661137291254,g,13.365,0.016,59724.205093,0,4096
153851661137291254,g,13.349,0.007,59722.264309,16,4096
153851661137291254,g,13.298,0.011,59726.221414,0,4096
153851661137291254,g,12.980,0.022,59904.430905,0,67112960
153851661137291254,g,13.115,0.013,59731.217830,0,4096
153851661137291254,g,13.466,0.011,59714.257873,0,4096
153851661137291254,g,13.067,0.011,59928.535574,0,4096
153851661137291254,g,13.426,0.010,59688.265593,0,4096
153851661137291254,g,13.042,0.010,59888.431547,0,67112960
153851661137291254,g,13.273,0.018,59893.427291,0,4096
153851661137291254,g,13.301,0.019,59623.306813,0,4096
153851661137291254,g,13.335,0.017,59625.249020,0,4096
153851661137291254,g,13.261,0.020,59740.244373,0,4096
153851661137291254,g,13.391,0.011,59690.280713,0,4096
153851661137291254,g,13.101,0.014,59738.199598,0,4096
153851661137291254,g,13.277,0.009,59922.435948,0,4096
153851661137291254,g,13.194,0.022,59898.449007,0,4096
153851661137291254,g,13.324,0.018,59712.259686,0,67112960
153851661137291254,g,13.463,0.005,59685.384779,0,4096
153851661137291254,g,13.393,0.014,59884.512858,48,67112960
153851661137291254,g,13.350,0.015,59671.425960,0,4096
153851661137291254,g,13.742,0.006,58487.479704,0,4096
153851661137291254,g,13.637,0.015,58986.187984,0,4097
153851661137291254,g,13.616,0.013,58985.164969,0,4096
153851661137291254,g,13.769,0.011,58482.500536,0,4096
153851661137291254,g,13.309,0.013,58853.519039,0,4096
153851661137291254,g,13.109,0.016,58892.358395,0,4096
153851661137291254,g,13.523,0.008,58540.400065,0,4096
153851661137291254,g,13.712,0.008,58439.486375,0,4096
153851661137291254,g,13.443,0.014,58206.274189,0,4096
153851661137291254,g,13.762,0.014,58560.206448,0,4096
153851661137291254,g,13.448,0.013,58582.146769,0,67112960
153851661137291254,g,13.107,0.014,58892.357943,0,4096
153851661137291254,g,13.715,0.009,59273.318929,0,4096
153851661137291254,g,13.870,0.009,59250.461773,0,4096
153851661137291254,g,13.673,0.008,58507.512510,0,4096
153851661137291254,g,13.582,0.012,58522.462012,0,4096
153851661137291254,g,13.512,0.014,58539.252215,0,4096
153851661137291254,g,13.847,0.012,59250.461310,0,4096
153851661137291254,g,13.309,0.012,58853.518587,0,4096
153851661137291254,g,13.341,0.010,58580.254051,0,4096
153851661137291254,g,13.727,0.010,59273.319392,0,4096
153851661137291254,g,13.780,0.011,58562.254114,0,4096
153851661137291254,g,13.243,0.012,58837.512867,0,4096
153851661137291254,g,13.561,0.014,58970.235270,0,4096
153851661137291254,g,13.560,0.012,58970.235744,0,4096
153851661137291254,g,13.667,0.014,58567.500440,0,4096
153851661137291254,g,13.641,0.018,58985.165432,0,4096
153851661137291254,g,13.639,0.017,58986.188447,0,4097
153851661137291254,g,13.135,0.007,58903.329908,0,4097
153851661137291254,g,13.144,0.007,58903.329456,0,4096
153851661137291254,g,13.228,0.012,58837.513318,0,4096
153851661137291254,g,13.759,0.016,58506.495096,0,4096
153851661137291254,g,13.500,0.012,58587.253242,0,4096
153851661137291254,g,13.253,0.010,58854.542067,0,4096
153851661137291254,g,13.749,0.011,58561.249257,0,4096
153851661137291254,g,13.259,0.004,58854.541627,0,4096
153851661137291254,g,13.719,0.008,59268.219837,0,4096
153851661137291254,g,13.366,0.012,59165.514807,0,4096
153851661137291254,g,13.509,0.009,58968.238357,0,4096
153851661137291254,g,13.705,0.010,58450.511748,0,4096
153851661137291254,g,13.728,0.011,58560.272673,0,67112960
153851661137291254,g,13.706,0.010,59267.369226,0,4096
153851661137291254,g,13.304,0.009,59314.247430,0,4097
153851661137291254,g,13.750,0.014,58426.492559,0,4096
153851661137291254,g,13.705,0.012,59273.293339,0,4096
153851661137291254,g,13.266,0.010,59181.531562,0,4096
153851661137291254,g,13.717,0.011,58981.176927,0,4096
153851661137291254,g,13.729,0.007,58506.480732,0,4096
153851661137291254,g,13.712,0.012,58427.508315,0,4096
153851661137291254,g,13.273,0.006,58855.519755,0,4096
153851661137291254,g,13.373,0.008,58871.431646,0,4096
153851661137291254,g,13.511,0.008,58968.239294,0,4096
153851661137291254,g,13.717,0.013,58508.536290,0,4096
153851661137291254,g,13.669,0.025,58245.235802,48,67112960
153851661137291254,g,13.562,0.005,58216.263056,0,4096
153851661137291254,g,13.322,0.009,58864.429835,0,4096
153851661137291254,g,13.882,0.010,59215.426801,0,4096
153851661137291254,g,13.265,0.011,58250.197865,0,4096
153851661137291254,g,13.411,0.014,59290.233779,0,4096
153851661137291254,g,13.294,0.010,58854.540261,0,4096
153851661137291254,g,13.155,0.011,58898.292156,0,4096
153851661137291254,g,13.438,0.011,59292.321629,0,4096
153851661137291254,g,13.766,0.052,58259.174048,0,67112960
153851661137291254,g,13.567,0.013,58541.273542,0,67112960
153851661137291254,g,13.436,0.010,58575.281701,0,4096
153851661137291254,g,13.102,0.008,58879.475729,0,4096
153851661137291254,g,13.042,0.006,58881.452582,0,4096
153851661137291254,g,13.335,0.009,59310.266671,0,4096
153851661137291254,g,13.088,0.007,58906.312596,0,4096
153851661137291254,g,13.213,0.010,58904.283653,0,4096
153851661137291254,g,13.971,0.020,58268.171291,0,67112960
153851661137291254,g,13.499,0.007,58205.275246,0,4096
153851661137291254,g,13.302,0.009,58873.379065,0,4096
153851661137291254,g,13.669,0.013,58467.475273,0,67112960
153851661137291254,g,13.639,0.014,58467.466800,0,67112960
153851661137291254,g,13.825,0.012,59223.415422,0,4096
153851661137291254,g,13.239,0.041,58940.353899,0,67112960
153851661137291254,g,13.750,0.011,59280.251626,0,4096
153851661137291254,g,13.584,0.009,59338.201066,0,4097
153851661137291254,g,13.464,0.014,59184.446607,0,4096
153851661137291254,g,13.704,0.006,58508.537216,0,4096
153851661137291254,g,13.859,0.011,58622.161107,0,4096
153851661137291254,g,13.297,0.018,58238.157011,0,4096
153851661137291254,g,13.926,0.011,58619.229366,0,4096
153851661137291254,g,14.217,0.011,58292.194803,0,4096
153851661137291254,g,13.655,0.011,58985.175396,0,4097
153851661137291254,g,13.543,0.013,59262.331199,0,4096
153851661137291254,g,13.533,0.010,59355.266993,0,4096
153851661137291254,g,13.760,0.015,58425.525026,0,4096
153851661137291254,g,13.125,0.008,58913.313122,0,4096
153851661137291254,g,13.690,0.014,58507.477486,0,4096
153851661137291254,g,13.604,0.012,58461.497451,0,67112960
153851661137291254,g,13.488,0.007,59363.222589,0,4096
153851661137291254,g,13.814,0.011,58277.203372,0,4096
153851661137291254,g,13.274,0.004,58852.516092,0,4096
153851661137291254,g,13.740,0.011,58597.260442,0,4096
153851661137291254,g,13.568,0.008,58642.201856,0,4096
153851661137291254,g,13.421,0.010,59170.487286,0,4096
153851661137291254,g,13.409,0.012,58965.241843,0,4096
153851661137291254,g,14.174,0.014,58289.191578,0,4096
153851661137291254,g,13.589,0.009,59358.244980,0,4096
153851661137291254,g,13.212,0.011,58900.331546,0,4096
153851661137291254,g,13.083,0.009,58880.450388,0,4096
153851661137291254,g,13.637,0.010,58464.484055,0,4096
153851661137291254,g,13.621,0.011,58974.176629,0,4096
153851661137291254,g,13.495,0.005,59336.244580,0,4096
153851661137291254,g,13.098,0.008,59173.486911,0,4096
153851661137291254,g,13.235,0.013,58936.270249,0,4096
153851661137291254,g,13.710,0.012,58978.176946,0,4097
153851661137291254,g,13.729,0.010,59268.177013,0,4096
153851661137291254,g,13.386,0.010,58871.434830,0,4096
153851661137291254,g,13.984,0.010,59219.432180,0,4096
153851661137291254,g,13.079,0.013,58880.451291,0,4096
153851661137291254,g,13.486,0.012,59335.248318,0,4096
153851661137291254,g,13.657,0.008,59266.416519,0,4096
153851661137291254,g,13.933,0.009,58263.247809,0,67112961
153851661137291254,g,13.432,0.012,59292.313122,0,4096
153851661137291254,g,13.143,0.019,58914.242073,0,67112960
153851661137291254,g,13.726,0.010,59275.170236,0,4096
153851661137291254,g,13.758,0.013,58979.228028,0,4096
153851661137291254,g,13.565,0.015,58572.274373,0,4096
153851661137291254,g,13.556,0.009,59341.176366,0,4096
153851661137291254,g,13.396,0.007,58965.242781,0,4096
153851661137291254,g,13.639,0.013,59339.218749,0,4096
153851661137291254,g,13.621,0.009,58972.227991,0,4096
153851661137291254,g,13.236,0.007,59312.248390,0,4096
153851661137291254,g,13.565,0.012,59188.476584,0,67112960
153851661137291254,g,13.739,0.024,58512.416201,0,67112960
153851661137291254,g,13.278,0.007,59311.228094,0,4096
153851661137291254,g,13.602,0.011,58522.426213,0,4096
153851661137291254,g,13.829,0.011,58423.463029,0,4096
153851661137291254,g,12.833,0.003,58954.284569,0,4096
153851661137291254,g,13.556,0.010,59329.324325,0,4096
153851661137291254,g,13.104,0.014,58243.197636,0,67112960
153851661137291254,g,13.315,0.009,58864.430761,0,4096
153851661137291254,g,13.679,0.010,58430.525477,0,4096
153851661137291254,g,13.167,0.006,58903.320533,0,4096
153851661137291254,g,13.148,0.009,58914.249677,0,4096
153851661137291254,g,13.274,0.006,58854.507539,0,4096
153851661137291254,g,13.580,0.014,59361.258832,0,4096
153851661137291254,g,13.113,0.008,58878.392407,0,4096
153851661137291254,g,13.572,0.013,59358.244043,0,4096
153851661137291254,g,13.830,0.011,58274.234636,0,4096
153851661137291254,g,13.691,0.016,58440.495629,0,67112960
153851661137291254,g,13.881,0.014,58617.187258,0,4096
153851661137291254,g,13.246,0.009,59312.247453,0,4096
153851661137291254,g,13.837,0.012,58608.195738,0,4096
153851661137291254,g,13.162,0.013,58905.293287,0,4096
153851661137291254,g,13.555,0.003,58215.257342,0,67112960
153851661137291254,g,13.641,0.009,58975.228961,0,4096
153851661137291254,g,13.486,0.010,58202.285447,0,4096
153851661137291254,g,13.704,0.013,58977.166637,0,4096
153851661137291254,g,13.646,0.006,58464.484993,0,4096
153851661137291254,g,13.729,0.019,58514.470503,0,67112960
153851661137291254,g,13.763,0.015,58424.513484,0,4096
153851661137291254,g,13.161,0.011,58903.323010,0,4096
153851661137291254,g,13.550,0.010,58635.198783,0,4096
153851661137291254,g,13.763,0.017,58513.399080,0,67112960
153851661137291254,g,13.312,0.010,58875.435857,0,4096
153851661137291254,g,13.619,0.008,58634.218541,0,4096
153851661137291254,g,13.575,0.007,58215.258257,0,67112960
153851661137291254,g,13.196,0.009,58876.367777,0,4096
153851661137291254,g,13.286,0.007,58852.515154,0,4096
153851661137291254,g,13.705,0.015,58977.167644,0,4096
153851661137291254,g,13.672,0.009,58431.484841,0,4096
153851661137291254,g,13.591,0.013,59340.201319,0,4096
153851661137291254,g,13.722,0.014,58514.471429,0,67112960
153851661137291254,g,13.630,0.009,58974.177566,0,4096
153851661137291254,g,13.222,0.014,58247.196716,0,4096
153851661137291254,g,13.458,0.013,58966.257366,0,67112960
153851661137291254,g,13.020,0.012,59176.500080,0,4096
153851661137291254,g,13.705,0.012,58567.268993,0,4096
153851661137291254,g,13.490,0.008,59369.221262,0,4096
153851661137291254,g,13.523,0.008,59186.538964,0,4096
153851661137291254,g,13.538,0.009,58534.281578,0,67112960
153851661137291254,g,13.313,0.008,59313.240006,0,4097
153851661137291254,g,13.941,0.009,59217.448672,0,4096
153851661137291254,g,13.679,0.004,58639.221142,0,4096
153851661137291254,g,13.598,0.011,59340.200381,0,4096
153851661137291254,g,13.542,0.013,59355.267931,0,4096
153851661137291254,g,14.003,0.012,58267.181965,0,67112960
153851661137291254,g,13.867,0.009,58605.238547,0,4096
153851661137291254,g,13.227,0.013,58851.509452,0,4096
153851661137291254,g,13.105,0.012,58242.208746,0,67112960
153851661137291254,g,13.688,0.010,58980.196870,0,4096
153851661137291254,g,13.784,0.014,58511.435646,0,4096
153851661137291254,g,13.924,0.014,58619.228382,0,4096
153851661137291254,g,13.463,0.023,58206.267754,0,4096
153851661137291254,g,13.886,0.011,59221.482644,0,4096
153851661137291254,g,13.573,0.024,58466.517186,0,67112960
153851661137291254,g,13.330,0.009,59310.267608,0,4096
153851661137291254,g,13.555,0.008,59342.241683,0,4096
153851661137291254,g,13.178,0.015,58915.242966,0,4096
153851661137291254,g,13.484,0.015,58538.286664,0,67112960
153851661137291254,g,13.746,0.007,58600.203041,0,4096
153851661137291254,g,13.864,0.012,58622.162045,0,67112960
153851661137291254,g,13.587,0.020,59361.257906,0,4096
153851661137291254,g,13.177,0.015,58915.243903,0,4096
153851661137291254,g,13.905,0.005,58612.188025,0,4096
153851661137291254,g,13.458,0.009,59373.264446,0,4096
153851661137291254,g,13.621,0.014,58461.498365,0,4096
153851661137291254,g,13.705,0.012,58509.511466,0,4096
153851661137291254,g,13.945,0.013,58442.516720,8,67112960
153851661137291254,g,13.220,0.012,58904.282727,0,4096
153851661137291254,g,13.659,0.018,59267.234816,0,4096
153851661137291254,g,13.224,0.007,58899.372714,0,4097
153851661137291254,g,13.955,0.008,58269.213193,0,67112960
153851661137291254,g,13.344,0.010,59168.509649,0,4096
153851661137291254,g,13.511,0.009,58968.268239,0,4096
153851661137291254,g,13.662,0.007,59231.436726,0,4096
153851661137291254,g,13.082,0.011,58880.452182,0,4096
153851661137291254,g,13.736,0.009,58632.193805,0,4096
153851661137291254,g,13.484,0.012,58230.332914,0,4096
153851661137291254,g,13.213,0.012,58941.265145,0,4096
153851661137291254,g,13.687,0.011,59276.228380,0,4096
153851661137291254,g,13.756,0.010,59229.451163,0,4096
153851661137291254,g,13.601,0.009,58971.263613,0,4096
153851661137291254,g,13.104,0.005,58906.300270,0,4096
153851661137291254,g,13.613,0.013,58636.259075,0,4096
153851661137291254,g,13.547,0.008,59356.202562,0,4096
153851661137291254,g,13.210,0.009,58876.366840,0,4096
153851661137291254,g,13.720,0.009,58432.471661,0,4096
153851661137291254,g,13.958,0.010,58269.214142,0,67112960
153851661137291254,g,13.140,0.009,59179.487575,0,4096
153851661137291254,g,13.207,0.009,58900.322113,0,4096
153851661137291254,g,13.443,0.006,59291.283034,0,4096
153851661137291254,g,13.459,0.018,58230.333828,0,4096
153851661137291254,g,13.266,0.011,58248.181194,0,4096
153851661137291254,g,13.672,0.011,59270.385727,0,4096
153851661137291254,g,13.722,0.007,59272.168386,0,4096
153851661137291254,g,13.672,0.008,59264.353880,0,4097
153851661137291254,g,13.190,0.009,58905.291459,0,4096
153851661137291254,g,13.092,0.008,58879.477141,0,4096
153851661137291254,g,13.579,0.012,58526.431510,0,4096
153851661137291254,g,14.114,0.010,58286.217651,0,4096
153851661137291254,g,13.225,0.010,58899.373617,0,4097
153851661137291254,g,13.306,0.015,59314.248367,0,4097
153851661137291254,g,13.614,0.012,58971.256322,0,4096
153851661137291254,g,13.774,0.009,58443.535305,0,4096
153851661137291254,g,13.869,0.017,58274.236592,0,67112960
153851661137291254,g,13.443,0.009,59292.290600,0,4097
153851661137291254,g,13.690,0.013,58980.195933,0,4096
153851661137291254,g,13.501,0.010,58967.255737,0,4096
153851661137291254,g,13.678,0.009,59281.337747,0,4096
153851661137291254,g,13.081,0.018,58244.197438,0,4096
153851661137291254,g,13.160,0.013,58903.330359,0,4096
153851661137291254,g,13.777,0.015,58511.436560,0,4096
153851661137291254,g,13.542,0.013,58591.222065,0,4096
153851661137291254,g,13.817,0.014,58998.184785,0,4096
153851661137291254,g,13.653,0.009,58985.176334,0,4097
153851661137291254,g,13.832,0.007,58280.216217,0,4096
153851661137291254,g,13.302,0.009,59152.507796,0,4096
153851661137291254,g,13.378,0.022,58235.185959,0,4096
153851661137291254,g,13.571,0.008,59324.189489,0,4096
153851661137291254,g,13.136,0.012,58894.337027,0,4096
153851661137291254,g,13.282,0.012,59308.344783,0,67112960
153851661137291254,g,13.666,0.015,58991.178843,0,4096
153851661137291254,g,13.175,0.010,58846.520266,0,4096
153851661137291254,g,13.149,0.011,58884.463517,0,4096
153851661137291254,g,13.722,0.005,59280.385928,0,4096
153851661137291254,g,13.336,0.008,58580.241320,0,4096
153851661137291254,g,13.319,0.014,58853.522708,0,4096
153851661137291254,g,13.241,0.010,58936.268860,0,4097
153851661137291254,g,13.678,0.019,59270.218020,0,4096
153851661137291254,g,13.694,0.011,59269.450583,0,4096
153851661137291254,g,13.426,0.007,59290.322815,0,4096
153851661137291254,g,13.758,0.010,59256.347565,0,4096
153851661137291254,g,13.828,0.010,58491.455568,0,4096
153851661137291254,g,13.266,0.016,59150.441023,0,4096
153851661137291254,g,13.826,0.011,58280.215303,0,4096
153851661137291254,g,13.894,0.007,58612.187087,0,4096
153851661137291254,g,13.784,0.011,58443.536300,0,4096
153851661137291254,g,13.746,0.006,59280.252575,0,4096
153851661137291254,g,13.324,0.009,58867.431419,0,4096
153851661137291254,g,13.680,0.010,59274.483185,0,4096
153851661137291254,g,13.259,0.009,58939.324881,0,4096
153851661137291254,g,13.848,0.012,58278.200663,0,4096
153851661137291254,g,13.859,0.013,59001.186198,0,4096
153851661137291254,g,13.174,0.013,58890.283447,0,4096
153851661137291254,g,13.542,0.011,59353.219981,0,4096
153851661137291254,g,13.115,0.012,58878.391470,0,4096
153851661137291254,g,13.213,0.005,58888.294617,0,4096
153851661137291254,g,13.682,0.009,58441.514399,0,4096
153851661137291254,g,13.816,0.009,58494.524117,0,4096
153851661137291254,g,13.460,0.014,58234.179787,0,4096
153851661137291254,g,13.090,0.013,58895.250044,0,4096
153851661137291254,g,13.461,0.016,58206.289304,0,4096
153851661137291254,g,13.375,0.011,58859.517807,0,4096
153851661137291254,g,13.575,0.015,58208.321119,0,67112960
153851661137291254,g,13.206,0.010,58888.293714,0,4096
153851661137291254,g,13.656,0.010,59258.368274,0,4096
153851661137291254,g,13.197,0.016,59155.523098,0,4096
153851661137291254,g,13.998,0.013,59205.430687,0,4096
153851661137291254,g,13.674,0.009,58991.177396,0,4097
153851661137291254,g,13.274,0.013,59306.305813,0,4097
153851661137291254,g,13.130,0.014,58891.243727,0,4096
153851661137291254,g,13.634,0.015,58440.491891,0,67112960
153851661137291254,g,13.797,0.013,58995.203719,0,4096
153851661137291254,g,13.343,0.015,58236.202431,0,4096
153851661137291254,g,13.602,0.010,59350.195747,0,4096
153851661137291254,g,13.357,0.009,59302.329105,0,4096
153851661137291254,g,13.702,0.011,59348.226285,0,4096
153851661137291254,g,13.609,0.012,59344.260380,0,4096
153851661137291254,g,14.029,0.011,59198.515188,0,4096
153851661137291254,g,13.261,0.012,58779.507324,0,4096
153851661137291254,g,13.558,0.011,59354.183741,0,4096
153851661137291254,g,13.848,0.012,59009.234848,0,4096
153851661137291254,g,13.622,0.005,58435.499502,0,4096
153851661137291254,g,13.123,0.016,58893.251623,0,4096
153851661137291254,g,13.120,0.012,58912.263165,0,4096
153851661137291254,g,13.626,0.008,59027.194576,0,4096
153851661137291254,g,13.202,0.009,58877.394955,0,4096
153851661137291254,g,13.818,0.007,58494.523156,0,4096
153851661137291254,g,13.516,0.009,58587.223047,0,4096
153851661137291254,g,13.406,0.011,58235.207277,0,4096
153851661137291254,g,13.421,0.007,59294.248253,0,4096
153851661137291254,g,13.378,0.015,58802.552471,0,4096
153851661137291254,g,13.711,0.010,59033.197191,0,4096
153851661137291254,g,13.576,0.009,59037.211117,0,4096
153851661137291254,g,13.127,0.013,58913.312184,0,4096
153851661137291254,g,13.869,0.015,59001.170633,0,4096
153851661137291254,g,13.233,0.007,58849.516644,0,4096
153851661137291254,g,13.696,0.010,59272.387134,0,4096
153851661137291254,g,13.502,0.008,59336.245518,0,4096
153851661137291254,g,13.280,0.013,59307.285943,0,4097
153851661137291254,g,13.235,0.007,58849.515741,0,4096
153851661137291254,g,13.762,0.012,58993.247544,0,4096
153851661137291254,g,13.030,0.007,58909.293651,0,4096
153851661137291254,g,13.582,0.011,59365.196068,0,4096
153851661137291254,g,13.542,0.005,59353.219043,0,4096
153851661137291254,g,13.558,0.011,59367.240687,0,4096
153851661137291254,g,13.236,0.008,58837.512416,0,4096
153851661137291254,g,13.122,0.007,58891.240787,0,4096
153851661137291254,g,13.504,0.016,58233.224513,0,4096
153851661137291254,g,13.649,0.013,59346.354394,0,4096
153851661137291254,g,13.604,0.011,59366.245875,0,4096
153851661137291254,g,13.076,0.011,58962.228960,0,4096
153851661137291254,g,13.771,0.011,58493.531224,0,4096
153851661137291254,g,13.133,0.010,58894.325846,0,4096
153851661137291254,g,13.285,0.006,58861.448992,0,4096
153851661137291254,g,13.852,0.006,59254.452825,0,67112960
153851661137291254,g,13.271,0.006,58855.520693,0,4096
153851661137291254,g,13.854,0.011,58999.223158,0,4096
153851661137291254,g,13.376,0.010,58874.377657,0,67112961
153851661137291254,g,13.712,0.009,59269.231498,0,4096
153851661137291254,g,13.972,0.014,58282.259270,0,4096
153851661137291254,g,13.783,0.011,58994.234855,0,4096
153851661137291254,g,13.447,0.014,59144.506586,0,4096
153851661137291254,g,13.752,0.009,58487.466497,0,4096
153851661137291254,g,13.073,0.010,58883.450645,0,4096
153851661137291254,g,13.440,0.009,59293.291047,0,4096
153851661137291254,g,13.188,0.006,58963.257100,0,4096
153851661137291254,g,13.702,0.010,58450.510811,0,4096
153851661137291254,g,13.258,0.012,58249.208168,0,4096
153851661137291254,g,13.248,0.010,58939.328133,0,4096
153851661137291254,g,13.298,0.011,58873.379968,0,4096
153851661137291254,g,13.565,0.020,58208.288945,0,67112960
153851661137291254,g,13.142,0.011,58884.462615,0,4096
153851661137291254,g,13.307,0.004,58867.432345,0,4096
153851661137291254,g,13.054,0.009,58909.292713,0,4096
153851661137291254,g,13.579,0.013,59322.200073,0,4096
153851661137291254,g,13.349,0.019,58236.180685,0,4096
153851661137291254,g,14.291,0.012,58295.176439,0,4096
153851661137291254,g,13.773,0.010,58992.196661,0,4096
153851661137291254,g,13.146,0.009,58792.533680,0,4096
153851661137291254,g,13.076,0.007,58883.449719,0,4096
153851661137291254,g,13.795,0.013,58258.172339,0,4096
153851661137291254,g,13.167,0.026,58890.284338,0,4096
153851661137291254,g,13.142,0.013,58891.241725,0,4096
153851661137291254,g,13.712,0.014,58426.490267,0,4096
153851661137291254,g,13.130,0.010,58894.326784,0,4096
153851661137291254,g,13.375,0.015,58229.266129,0,4096
153851661137291254,g,14.119,0.013,59200.473216,0,67112960
153851661137291254,g,13.339,0.009,58236.201517,0,4096
153851661137291254,g,13.647,0.012,58469.516375,0,4096
153851661137291254,g,13.687,0.014,58437.512268,0,4096
153851661137291254,g,13.844,0.011,58609.194684,0,4096
153851661137291254,g,13.403,0.009,59304.221842,0,4096
153851661137291254,g,14.015,0.013,58283.240743,0,4096
153851661137291254,g,13.662,0.011,59140.506214,0,4096
153851661137291254,g,13.060,0.010,58881.462652,0,4097
153851661137291254,g,13.326,0.008,59309.178206,0,4096
153851661137291254,g,13.848,0.008,59250.370787,0,4096
153851661137291254,g,13.689,0.011,58503.551725,0,4096
153851661137291254,g,13.295,0.006,58875.436748,0,4096
153851661137291254,g,13.870,0.012,58996.207395,0,4096
153851661137291254,g,13.596,0.008,59142.493695,0,4096
153851661137291254,g,13.337,0.019,58964.182596,0,4096
153851661137291254,g,13.116,0.015,58892.358846,0,4096
153851661137291254,g,13.371,0.007,59297.247337,0,4096
153851661137291254,g,13.533,0.008,58255.175500,0,4096
153851661137291254,g,13.666,0.010,58986.204071,0,4096
153851661137291254,g,13.459,0.012,58234.236935,0,4096
153851661137291254,g,13.388,0.009,58874.380030,0,4097
153851661137291254,g,13.039,0.005,58911.391166,0,4096
153851661137291254,g,13.855,0.013,58608.198180,0,4096
153851661137291254,g,13.261,0.009,58248.180245,0,4096
153851661137291254,g,13.318,0.010,58805.526665,0,4096
153851661137291254,g,12.880,0.013,58956.226042,0,4096
153851661137291254,g,13.274,0.010,58237.215685,0,4096
153851661137291254,g,13.138,0.010,58886.432879,0,4096
153851661137291254,g,13.589,0.013,59338.200140,0,4096
153851661137291254,g,13.724,0.012,58502.483214,0,4096
153851661137291254,g,13.188,0.010,58850.530717,0,4096
153851661137291254,g,13.896,0.011,59017.218276,0,4096
153851661137291254,g,13.705,0.014,58429.493353,0,4096
153851661137291254,g,13.294,0.008,58828.561736,0,4096
153851661137291254,g,13.742,0.011,58486.531297,0,4096
153851661137291254,g,13.776,0.009,58423.462091,0,4096
153851661137291254,g,13.435,0.010,58662.201073,0,4096
153851661137291254,g,13.815,0.012,58997.182741,0,4096
153851661137291254,g,13.655,0.011,59023.217176,0,4096
153851661137291254,g,13.547,0.008,59328.220775,0,4096
153851661137291254,g,13.180,0.010,58846.521169,0,67112960
153851661137291254,g,13.403,0.014,59295.296334,0,4096
153851661137291254,g,13.401,0.011,58871.430697,0,4096
153851661137291254,g,13.795,0.010,59248.416885,0,4096
153851661137291254,g,13.700,0.008,58486.530371,0,67112960
153851661137291254,g,13.526,0.012,58594.187754,0,4096
153851661137291254,g,13.758,0.014,58505.483779,0,4096
153851661137291254,g,13.669,0.011,58434.534280,0,4096
153851661137291254,g,13.056,0.007,58883.458990,0,4096
153851661137291254,g,13.202,0.015,58823.513775,0,67112960
153851661137291254,g,13.308,0.016,58866.398221,0,67112960
153851661137291254,g,13.573,0.009,58648.180215,0,4096
153851661137291254,g,14.024,0.013,58283.239829,0,4096
153851661137291254,g,13.174,0.013,58877.384306,0,4096
153851661137291254,g,13.139,0.005,58886.433805,0,4096
153851661137291254,g,13.640,0.014,59346.370932,0,4096
153851661137291254,g,13.457,0.018,59290.314250,0,4096
153851661137291254,g,13.319,0.008,58853.517221,0,4096
153851661137291254,g,13.424,0.007,59294.182700,0,4096
153851661137291254,g,13.608,0.007,59350.203281,0,4096
153851661137291254,g,13.692,0.009,58429.487797,0,4096
153851661137291254,g,13.763,0.010,59020.201254,0,4096
153851661137291254,g,13.470,0.009,59363.216941,0,4096
153851661137291254,g,13.132,0.011,58893.245627,0,4096
153851661137291254,g,13.079,0.013,58962.228022,0,4096
153851661137291254,g,13.565,0.013,59343.244493,0,4096
153851661137291254,g,13.505,0.012,58584.244691,0,4096
153851661137291254,g,13.342,0.016,58236.179667,0,4096
153851661137291254,g,13.719,0.014,58505.482865,0,4096
153851661137291254,g,13.148,0.008,58886.434742,0,4096
153851661137291254,g,13.826,0.010,58491.456528,0,4096
153851661137291254,g,13.161,0.011,58898.283186,0,4096
153851661137291254,g,13.172,0.006,58887.272908,0,4096
153851661137291254,g,13.659,0.016,59274.207876,0,4096
153851661137291254,g,13.039,0.010,58911.392092,0,4096
153851661137291254,g,14.053,0.016,58284.219983,0,4096
153851661137291254,g,13.806,0.012,58277.204321,0,4096
153851661137291254,g,13.104,0.011,58908.315932,0,4096
153851661137291254,g,13.743,0.006,59225.450008,0,4096
153851661137291254,g,12.840,0.010,58954.286421,0,4096
153851661137291254,g,13.160,0.014,58887.273845,0,4096
153851661137291254,g,13.177,0.011,58963.220066,0,4096
153851661137291254,g,13.745,0.012,58472.532030,0,4096
153851661137291254,g,13.278,0.015,59306.306751,0,4096
153851661137291254,g,13.453,0.011,59319.273114,0,4096
153851661137291254,g,13.317,0.009,59300.330189,0,4096
153851661137291254,g,13.625,0.009,58987.216554,0,4096
153851661137291254,g,13.501,0.014,58233.223552,0,4096
153851661137291254,g,13.590,0.012,58468.458860,0,4096
153851661137291254,g,13.899,0.010,59193.446368,0,4096
153851661137291254,g,14.085,0.014,59203.390136,0,4096
153851661137291254,g,13.199,0.009,59158.492024,0,4096
153851661137291254,g,13.872,0.013,59013.226529,0,4096
153851661137291254,g,13.653,0.017,59274.219045,0,4096
153851661137291254,g,13.393,0.014,59316.332768,0,4096
153851661137291254,g,13.152,0.013,58670.197567,0,4096
153851661137291254,g,13.780,0.010,58480.508300,0,4096
153851661137291254,g,13.720,0.016,58438.494865,0,4096
153851661137291254,g,13.317,0.013,58862.453827,0,4096
153851661137291254,g,13.773,0.011,58422.483459,0,4096
153851661137291254,g,13.266,0.016,59308.345732,0,4096
153851661137291254,g,13.102,0.012,58912.262227,0,4096
153851661137291254,g,13.459,0.013,59334.205542,0,4097
153851661137291254,g,13.517,0.011,59385.197774,0,4096
153851661137291254,g,13.852,0.010,58605.239484,0,4096
153851661137291254,g,13.748,0.011,58492.517634,0,67112960
153851661137291254,g,13.678,0.017,59271.375488,0,4096
153851661137291254,g,13.086,0.010,58895.250947,0,4096
153851661137291254,g,13.188,0.009,58877.395880,0,4096
153851661137291254,g,12.854,0.010,59968.413854,0,4096
153851661137291254,g,13.597,0.011,60117.263711,0,4096
153851661137291254,g,12.870,0.014,59957.411149,0,67112960
153851661137291254,g,13.212,0.010,60017.227883,0,67112960
153851661137291254,g,13.499,0.010,60081.229062,0,4096
153851661137291254,g,13.140,0.016,59985.430790,0,4096
153851661137291254,g,13.388,0.011,60043.322711,0,4096
153851661137291254,g,13.200,0.007,59996.388968,0,67112960
153851661137291254,g,13.598,0.016,60111.240017,0,4096
153851661137291254,g,13.610,0.010,60102.285021,0,4096
153851661137291254,g,13.526,0.014,60087.309527,0,4096
153851661137291254,g,13.375,0.009,60055.279034,0,4096
153851661137291254,g,13.439,0.018,60086.217630,0,4096
153851661137291254,g,13.581,0.013,60089.261177,0,4096
153851661137291254,g,13.464,0.012,60079.271474,0,4096
153851661137291254,g,13.081,0.006,59983.412051,0,4096
153851661137291254,g,13.670,0.011,60099.184099,0,4096
153851661137291254,g,13.673,0.008,60115.233516,0,4096
153851661137291254,g,13.355,0.010,60061.173207,0,4096
153851661137291254,g,13.469,0.013,60085.223617,0,4096
153851661137291254,g,12.754,0.011,59966.410390,0,4096
153851661137291254,g,13.257,0.015,60063.219622,0,4096
153851661137291254,g,13.356,0.010,60053.267525,0,4096
153851661137291254,g,13.259,0.042,60105.296140,8,67112960
153851661137291254,g,12.835,0.010,59979.323302,0,4096
153851661137291254,g,13.496,0.013,60073.339333,0,4096
153851661137291254,g,13.606,0.009,60113.261341,0,4096
153851661137291254,g,13.394,0.011,60036.326840,0,4096
153851661137291254,g,12.948,0.010,59972.441357,0,67112960
153851661137291254,g,13.329,0.015,60045.332108,0,4096
153851661137291254,g,13.461,0.011,60077.261146,0,4096
153851661137291254,g,13.322,0.014,60065.325115,0,4096
153851661137291254,g,13.813,0.017,60092.293546,16,4096
153851661137291254,g,13.256,0.013,59621.478583,0,4096
153851661137291254,g,13.252,0.011,59624.245654,0,4096
153851661137291254,g,13.297,0.010,59623.430923,0,4096
153851661137291254,g,13.049,0.014,59639.324326,0,4096
153851661137291254,g,13.326,0.017,59625.203857,0,4096
153851661137291254,g,13.243,0.013,59624.304590,0,4096
153851661137291254,g,13.280,0.016,59600.460412,0,4096
153851661137291254,g,13.064,0.008,59638.376213,0,67112960
153851661137291254,g,13.145,0.010,59636.455815,0,4096
153851661137291254,g,13.310,0.009,59623.233918,0,4096
153851661137291254,g,13.165,0.008,59636.219474,0,4096
153851661137291254,g,13.394,0.013,59628.400868,0,4096
153851661137291254,g,13.294,0.009,59622.353444,0,4096
153851661137291254,g,13.401,0.008,59627.504313,0,4096
153851661137291254,g,13.361,0.014,59628.178841,0,4096
153851661137291254,g,13.262,0.012,59622.233894,0,4096
153851661137291254,g,13.333,0.011,59629.399413,0,4096
153851661137291254,g,13.388,0.006,59627.462264,0,4096
153851661137291254,g,13.077,0.011,59638.424163,0,4096
153851661137291254,g,13.055,0.015,59639.290218,0,4096
153851661137291254,g,13.184,0.009,59637.226769,0,4096
153851661137291254,g,13.256,0.014,59624.295481,0,4096
153851661137291254,g,13.279,0.009,59622.313004,0,4096
153851661137291254,g,13.344,0.017,59630.400988,0,4096
153851661137291254,r,13.271,0.019,59550.515905,0,4096
153851661137291254,r,13.592,0.011,59524.456207,0,4096
153851661137291254,r,13.467,0.014,59512.510895,0,4096
153851661137291254,r,13.338,0.017,59428.153099,0,4096
153851661137291254,r,13.258,0.011,59532.475304,0,4096
153851661137291254,r,13.327,0.018,59428.160193,0,4096
153851661137291254,r,13.336,0.016,59427.163280,0,4096
153851661137291254,r,13.338,0.009,59428.155460,0,4096
153851661137291254,r,13.640,0.008,59526.517734,0,4096
153851661137291254,r,13.550,0.008,59522.496773,0,4096
153851661137291254,r,13.290,0.012,59427.156174,0,4096
153851661137291254,r,13.291,0.021,59509.472043,0,4096
153851661137291254,r,12.995,0.015,59856.520181,0,4096
153851661137291254,r,12.999,0.013,59856.510632,0,4096
153851661137291254,r,12.893,0.016,59855.511514,0,4096
153851661137291254,r,14.075,0.010,59858.510481,8,67112960
153851661137291254,r,13.026,0.009,59708.246492,0,4096
153851661137291254,r,12.916,0.009,59736.198999,0,4096
153851661137291254,r,13.109,0.013,59893.492088,0,4096
153851661137291254,r,13.349,0.011,59680.241456,0,4096
153851661137291254,r,12.889,0.018,59855.516537,0,4096
153851661137291254,r,12.833,0.006,59913.472483,0,4096
153851661137291254,r,13.063,0.012,59699.268543,0,4097
153851661137291254,r,12.981,0.009,59733.221562,0,4096
153851661137291254,r,13.181,0.013,59922.450903,0,4096
153851661137291254,r,13.094,0.021,59873.466506,8,67112960
153851661137291254,r,13.159,0.009,59625.269552,0,4096
153851661137291254,r,13.100,0.008,59623.355795,0,4096
153851661137291254,r,12.978,0.013,59636.415896,0,67112960
153851661137291254,r,12.852,0.010,59909.436008,0,4096
153851661137291254,r,13.039,0.009,59740.197502,0,4096
153851661137291254,r,13.272,0.009,59683.361839,0,4096
153851661137291254,r,13.174,0.009,59712.226390,0,4096
153851661137291254,r,12.929,0.012,59902.518018,0,4096
153851661137291254,r,13.062,0.017,59726.197041,0,4096
153851661137291254,r,13.021,0.009,59708.265576,0,4096
153851661137291254,r,13.139,0.022,59870.483340,0,4096
153851661137291254,r,12.987,0.006,59857.512761,0,4096
153851661137291254,r,13.257,0.003,59676.372221,0,4096
153851661137291254,r,12.967,0.008,59731.290000,0,4096
153851661137291254,r,13.219,0.013,59688.328447,0,4096
153851661137291254,r,12.882,0.010,59900.518145,0,4096
153851661137291254,r,13.308,0.015,59717.208143,0,4096
153851661137291254,r,12.977,0.014,59856.508109,0,4096
153851661137291254,r,13.052,0.010,59742.244825,0,4096
153851661137291254,r,13.086,0.018,59696.259682,0,67112960
153851661137291254,r,12.809,0.017,59904.496015,0,4096
153851661137291254,r,12.948,0.013,59928.481264,0,4096
153851661137291254,r,12.982,0.011,59641.280039,0,4096
153851661137291254,r,13.312,0.008,59719.185209,0,4096
153851661137291254,r,12.820,0.011,59906.456025,0,4096
153851661137291254,r,13.078,0.012,59896.468998,0,4096
153851661137291254,r,13.280,0.016,59685.247936,0,4096
153851661137291254,r,13.184,0.011,59724.243191,0,4096
153851661137291254,r,12.905,0.016,59855.509014,0,4096
153851661137291254,r,13.179,0.013,59628.426736,0,4096
153851661137291254,r,12.953,0.011,59738.241782,0,4096
153851661137291254,r,12.925,0.015,59855.514026,0,4096
153851661137291254,r,12.955,0.011,58878.351700,0,4096
153851661137291254,r,12.621,0.009,58954.213752,0,4352
153851661137291254,r,13.591,0.009,58995.230361,0,4096
153851661137291254,r,13.175,0.009,59409.179868,0,4096
153851661137291254,r,13.642,0.015,58260.184147,0,4096
153851661137291254,r,13.118,0.010,58964.256584,0,4096
153851661137291254,r,13.472,0.009,59281.261024,0,4096
153851661137291254,r,13.286,0.008,59319.223869,0,4096
153851661137291254,r,13.011,0.010,58888.469562,0,4096
153851661137291254,r,13.124,0.013,59411.176105,0,4096
153851661137291254,r,13.127,0.012,59314.269963,0,4096
153851661137291254,r,13.725,0.014,58263.219860,0,4097
153851661137291254,r,12.989,0.011,58886.293964,0,4096
153851661137291254,r,13.218,0.010,58218.235802,0,4096
153851661137291254,r,13.320,0.021,59408.180258,0,4096
153851661137291254,r,13.013,0.015,58888.468660,0,4096
153851661137291254,r,13.028,0.010,58850.498308,0,4096
153851661137291254,r,13.248,0.009,59184.510432,0,4096
153851661137291254,r,13.072,0.010,58852.447731,0,4096
153851661137291254,r,13.172,0.015,59410.177500,0,4096
153851661137291254,r,13.271,0.008,59363.186851,0,4096
153851661137291254,r,13.536,0.015,58447.488081,0,4096
153851661137291254,r,13.507,0.010,59280.306868,0,4096
153851661137291254,r,13.446,0.012,59281.245203,0,4096
153851661137291254,r,13.886,0.009,58289.217884,0,4096
153851661137291254,r,13.660,0.018,58260.185084,0,4096
153851661137291254,r,13.568,0.008,58455.513769,0,67112960
153851661137291254,r,13.659,0.007,58998.227652,0,4096
153851661137291254,r,13.152,0.014,58875.294625,0,4096
153851661137291254,r,13.236,0.003,58224.216896,0,67112960
153851661137291254,r,13.440,0.008,59027.171869,0,4096
153851661137291254,r,13.595,0.012,58455.478175,0,4096
153851661137291254,r,12.977,0.012,58885.248362,0,4096
153851661137291254,r,13.611,0.009,58998.226715,0,4096
153851661137291254,r,13.543,0.009,58448.535326,0,4096
153851661137291254,r,12.860,0.007,58883.520068,0,4096
153851661137291254,r,13.403,0.013,59188.386599,0,4096
153851661137291254,r,13.381,0.008,58648.192645,0,4096
153851661137291254,r,13.033,0.010,58876.346804,0,4096
153851661137291254,r,13.170,0.013,59409.177935,0,4096
153851661137291254,r,13.162,0.011,59410.176539,0,4096
153851661137291254,r,12.906,0.006,58883.513100,0,4096
153851661137291254,r,13.475,0.014,58980.246496,0,4096
153851661137291254,r,13.329,0.012,58215.237228,0,67112960
153851661137291254,r,13.595,0.009,58996.222845,0,4096
153851661137291254,r,13.520,0.009,59280.273535,0,4096
153851661137291254,r,13.558,0.010,58486.495033,0,4096
153851661137291254,r,12.985,0.012,58886.292124,0,4096
153851661137291254,r,13.666,0.036,58262.193454,0,4096
153851661137291254,r,12.905,0.013,58883.512198,0,4096
153851661137291254,r,13.505,0.014,59033.175433,0,4096
153851661137291254,r,13.495,0.012,58257.226702,0,4096
153851661137291254,r,13.527,0.013,58447.484377,0,4096
153851661137291254,r,13.263,0.010,59363.185914,0,4096
153851661137291254,r,13.239,0.010,59293.225274,0,4096
153851661137291254,r,12.670,0.016,58956.263563,0,4097
153851661137291254,r,12.991,0.014,58891.337386,0,4096
153851661137291254,r,13.552,0.011,58486.494095,0,4096
153851661137291254,r,13.516,0.008,59225.413316,0,4096
153851661137291254,r,13.338,0.017,59367.198515,0,4096
153851661137291254,r,13.495,0.011,58980.247433,0,4096
153851661137291254,r,13.181,0.010,58965.283484,0,4096
153851661137291254,r,13.121,0.009,59313.223329,0,4096
153851661137291254,r,13.106,0.015,59314.270901,0,4096
153851661137291254,r,13.252,0.007,58219.260886,0,4096
153851661137291254,r,13.542,0.013,58258.204790,0,4096
153851661137291254,r,13.202,0.007,59316.296926,0,4096
153851661137291254,r,12.946,0.014,58885.246996,0,4096
153851661137291254,r,13.159,0.010,59409.178896,0,4096
153851661137291254,r,13.365,0.008,59366.193402,0,4096
153851661137291254,r,13.357,0.015,59408.179297,0,4096
153851661137291254,r,12.992,0.006,58890.446794,0,4096
153851661137291254,r,13.529,0.013,58448.486294,0,4096
153851661137291254,r,13.249,0.005,59292.346292,0,4096
153851661137291254,r,13.171,0.013,59410.175567,0,4096
153851661137291254,r,13.266,0.009,58254.176834,0,4096
153851661137291254,r,12.981,0.013,58944.349920,0,4096
153851661137291254,r,12.942,0.010,58884.495764,0,4096
153851661137291254,r,13.571,0.006,58443.468725,0,4096
153851661137291254,r,13.166,0.018,59409.176963,0,4096
153851661137291254,r,13.067,0.012,58852.457477,0,4096
153851661137291254,r,13.621,0.026,58262.243890,0,4096
153851661137291254,r,13.652,0.010,59221.408785,0,4096
153851661137291254,r,13.502,0.011,58447.536951,0,4096
153851661137291254,r,13.165,0.014,59409.176002,0,4096
153851661137291254,r,13.022,0.010,58877.350023,0,4096
153851661137291254,r,13.313,0.008,59365.187156,0,4096
153851661137291254,r,12.661,0.015,58954.214655,0,4096
153851661137291254,r,13.252,0.006,59290.266104,0,4096
153851661137291254,r,13.070,0.017,59312.291767,0,4096
153851661137291254,r,13.604,0.009,58995.245186,0,4096
153851661137291254,r,13.485,0.014,58449.507922,0,4096
153851661137291254,r,13.162,0.014,59410.178460,0,4096
153851661137291254,r,13.145,0.007,58965.282558,0,4096
153851661137291254,r,13.279,0.018,58967.173117,0,4096
153851661137291254,r,13.291,0.012,58654.178777,0,4096
153851661137291254,r,12.997,0.010,58891.327201,0,4096
153851661137291254,r,13.070,0.007,59312.292704,0,4096
153851661137291254,r,13.423,0.012,58991.205507,0,4097
153851661137291254,r,13.033,0.014,58877.348159,0,4096
153851661137291254,r,12.841,0.016,58962.266411,0,4096
153851661137291254,r,13.791,0.013,59198.475197,0,4096
153851661137291254,r,13.715,0.010,59017.238934,0,4096
153851661137291254,r,13.500,0.007,58639.182361,0,4096
153851661137291254,r,13.537,0.012,59280.285282,0,4096
153851661137291254,r,12.990,0.010,58886.294867,0,4096
153851661137291254,r,13.610,0.011,59009.183892,0,4096
153851661137291254,r,13.533,0.016,59192.370664,0,4096
153851661137291254,r,13.489,0.008,58981.248148,0,4096
153851661137291254,r,13.203,0.008,58966.206514,0,4096
153851661137291254,r,13.129,0.013,59423.167434,0,4096
153851661137291254,r,13.053,0.005,58876.345867,0,4096
153851661137291254,r,13.671,0.010,58612.199945,0,4096
153851661137291254,r,13.254,0.011,58226.261833,0,4096
153851661137291254,r,13.024,0.012,58891.328127,0,4096
153851661137291254,r,13.252,0.015,58224.205276,0,67112960
153851661137291254,r,13.011,0.010,58890.445868,0,4096
153851661137291254,r,13.496,0.010,58472.551453,0,4096
153851661137291254,r,13.170,0.013,58874.324067,0,4096
153851661137291254,r,13.248,0.008,59293.270816,0,4096
153851661137291254,r,13.242,0.013,58224.203401,0,67112960
153851661137291254,r,13.557,0.009,58992.247826,0,4096
153851661137291254,r,13.473,0.010,58447.536025,0,4096
153851661137291254,r,13.463,0.010,58461.535174,0,4096
153851661137291254,r,13.635,0.010,59004.247701,0,4096
153851661137291254,r,13.491,0.013,58441.558975,0,67112960
153851661137291254,r,13.335,0.013,58215.238142,0,4096
153851661137291254,r,13.574,0.012,58997.235016,0,4096
153851661137291254,r,13.492,0.011,58493.520610,0,4096
153851661137291254,r,13.438,0.010,58987.176742,0,4096
153851661137291254,r,13.631,0.011,58612.200871,0,4096
153851661137291254,r,13.136,0.011,59310.321899,0,4096
153851661137291254,r,13.178,0.016,59424.158278,0,4096
153851661137291254,r,13.245,0.006,58224.215981,0,67112960
153851661137291254,r,13.473,0.011,58633.172739,0,4096
153851661137291254,r,13.179,0.018,59410.179432,0,4096
153851661137291254,r,13.300,0.024,59408.178337,0,4096
153851661137291254,r,13.247,0.012,58219.251524,0,4096
153851661137291254,r,12.956,0.010,58884.487280,0,4096
153851661137291254,r,13.141,0.013,58875.295562,0,4096
153851661137291254,r,13.607,0.009,58491.538258,0,4096
153851661137291254,r,13.269,0.009,59291.363575,0,4096
153851661137291254,r,12.854,0.007,58962.259432,0,4096
153851661137291254,r,13.548,0.010,58443.469662,0,4096
153851661137291254,r,12.690,0.006,58955.247373,0,4352
153851661137291254,r,13.635,0.010,58608.238547,0,4096
153851661137291254,r,13.021,0.014,58877.349085,0,4096
153851661137291254,r,13.002,0.015,58249.237460,0,67112960
153851661137291254,r,12.983,0.009,58250.219391,0,4096
153851661137291254,r,13.055,0.011,58248.241652,0,4096
153851661137291254,r,13.569,0.007,59020.237502,0,4096
153851661137291254,r,13.178,0.008,58874.324993,0,4097
153851661137291254,r,13.616,0.011,58491.537320,0,4096
153851661137291254,r,13.477,0.008,59272.298188,0,4096
153851661137291254,r,13.054,0.013,58248.240737,0,4096
153851661137291254,r,13.524,0.012,58514.421636,0,67112960
153851661137291254,r,13.404,0.014,58971.176294,0,4096
153851661137291254,r,13.203,0.015,59424.155917,0,4096
153851661137291254,r,13.387,0.025,59123.517914,0,4096
153851661137291254,r,13.153,0.013,59417.165943,0,4096
153851661137291254,r,13.430,0.015,59123.513203,0,4096
153851661137291254,r,13.017,0.011,58905.249607,0,4096
153851661137291254,r,13.493,0.024,58467.536551,0,67112960
153851661137291254,r,13.123,0.015,58864.347677,0,4096
153851661137291254,r,13.493,0.012,58427.492040,0,4096
153851661137291254,r,13.503,0.013,58514.410096,0,67112960
153851661137291254,r,13.359,0.009,58255.242716,0,4096
153851661137291254,r,13.719,0.015,58616.167935,0,4096
153851661137291254,r,12.932,0.010,58896.301012,0,4096
153851661137291254,r,13.149,0.024,59417.163582,0,67112960
153851661137291254,r,13.353,0.011,59340.288244,0,4096
153851661137291254,r,13.390,0.018,59056.180029,0,4096
153851661137291254,r,13.015,0.013,58905.250533,0,4096
153851661137291254,r,13.321,0.011,58587.281296,0,4096
153851661137291254,r,13.378,0.009,59262.369810,0,4096
153851661137291254,r,13.361,0.017,59123.508493,0,4096
153851661137291254,r,13.417,0.018,59123.522637,0,4096
153851661137291254,r,13.016,0.010,58846.455250,0,4096
153851661137291254,r,14.033,0.012,58295.234502,0,4096
153851661137291254,r,13.572,0.014,58277.239064,0,4096
153851661137291254,r,13.400,0.016,58974.234923,0,4096
153851661137291254,r,13.133,0.015,59418.162034,0,67112960
153851661137291254,r,13.297,0.007,58538.229280,0,67112960
153851661137291254,r,13.422,0.016,59125.515362,0,4096
153851661137291254,r,13.140,0.011,58862.398547,0,4096
153851661137291254,r,12.934,0.009,58896.315110,0,4096
153851661137291254,r,12.896,0.009,59173.530619,0,67112960
153851661137291254,r,13.478,0.007,58471.539615,0,4096
153851661137291254,r,13.448,0.019,59125.510651,0,4096
153851661137291254,r,13.325,0.008,59341.200530,0,4097
153851661137291254,r,13.159,0.010,59417.168316,0,67112960
153851661137291254,r,13.330,0.007,59353.194786,0,4096
153851661137291254,r,13.409,0.025,59123.527359,0,4096
153851661137291254,r,13.322,0.016,58534.353697,0,4096
153851661137291254,r,13.040,0.010,58904.247611,0,4097
153851661137291254,r,13.726,0.014,58283.196974,0,4096
153851661137291254,r,12.903,0.012,58880.348198,0,4096
153851661137291254,r,13.172,0.011,58863.362012,0,4096
153851661137291254,r,13.081,0.013,59308.287205,0,4096
153851661137291254,r,13.471,0.010,59258.330947,0,4096
153851661137291254,r,13.197,0.010,59302.265486,0,4096
153851661137291254,r,13.515,0.008,58513.448388,0,67112960
153851661137291254,r,13.471,0.009,59229.414460,0,4096
153851661137291254,r,13.381,0.015,59056.175145,0,4096
153851661137291254,r,13.336,0.017,59385.222922,0,4096
153851661137291254,r,13.230,0.010,58218.214345,0,4096
153851661137291254,r,13.510,0.009,58508.475072,0,4096
153851661137291254,r,13.360,0.011,58591.355284,0,4096
153851661137291254,r,13.867,0.029,59416.161764,8,67112960
153851661137291254,r,12.902,0.004,58909.326463,0,4096
153851661137291254,r,13.366,0.007,58970.209971,0,4096
153851661137291254,r,12.996,0.014,58846.431579,0,4096
153851661137291254,r,13.339,0.011,59354.219745,0,4096
153851661137291254,r,13.519,0.016,59038.170653,0,4096
153851661137291254,r,13.191,0.013,58866.370557,0,4096
153851661137291254,r,12.901,0.007,58879.371976,0,4096
153851661137291254,r,13.360,0.011,59052.173669,0,4096
153851661137291254,r,12.922,0.010,58895.452708,0,4096
153851661137291254,r,13.514,0.008,58508.472283,0,4096
153851661137291254,r,12.865,0.011,58911.231504,0,4096
153851661137291254,r,13.314,0.010,58216.236865,0,4096
153851661137291254,r,12.837,0.010,59176.554310,0,4096
153851661137291254,r,13.367,0.004,59338.246560,0,4096
153851661137291254,r,13.482,0.009,59268.282753,0,4096
153851661137291254,r,13.368,0.009,59355.194696,0,4096
153851661137291254,r,13.359,0.005,59340.286809,0,4096
153851661137291254,r,13.602,0.009,59223.481595,0,4096
153851661137291254,r,13.446,0.008,59267.326078,0,4096
153851661137291254,r,13.577,0.075,58467.535625,8,67112960
153851661137291254,r,13.297,0.012,59353.195723,0,4096
153851661137291254,r,13.247,0.013,58233.189122,0,4096
153851661137291254,r,13.178,0.011,59424.165384,0,4096
153851661137291254,r,13.488,0.013,58429.524617,0,4096
153851661137291254,r,13.187,0.015,59417.161221,0,4096
153851661137291254,r,12.868,0.014,58245.167162,0,4096
153851661137291254,r,12.922,0.010,58906.241694,0,4096
153851661137291254,r,13.619,0.010,58277.235325,0,4096
153851661137291254,r,13.523,0.029,58512.453459,0,67112960
153851661137291254,r,13.419,0.018,58974.235860,0,4096
153851661137291254,r,13.360,0.015,59056.170273,0,4096
153851661137291254,r,13.565,0.033,59416.166498,8,67112960
153851661137291254,r,13.149,0.012,58864.348604,0,4096
153851661137291254,r,13.665,0.014,58282.197285,0,4096
153851661137291254,r,13.467,0.011,59266.375756,0,4096
153851661137291254,r,13.843,0.020,59203.473962,0,4096
153851661137291254,r,13.223,0.010,58221.218304,0,4096
153851661137291254,r,13.385,0.015,59056.165377,0,4096
153851661137291254,r,13.266,0.020,59416.164125,0,67112960
153851661137291254,r,12.921,0.009,58906.250976,0,4096
153851661137291254,r,12.909,0.007,58895.454085,0,4096
153851661137291254,r,13.360,0.015,59052.183333,0,4096
153851661137291254,r,13.200,0.015,59415.171776,0,4096
153851661137291254,r,13.437,0.010,59125.520095,0,4096
153851661137291254,r,13.534,0.011,58426.506322,0,4096
153851661137291254,r,13.639,0.009,58280.194656,0,4096
153851661137291254,r,13.019,0.011,59158.531309,0,4096
153851661137291254,r,13.037,0.010,58900.263838,0,4096
153851661137291254,r,13.237,0.013,59419.167118,0,4096
153851661137291254,r,13.708,0.010,59217.397859,0,4096
153851661137291254,r,13.587,0.013,58423.539227,0,4096
153851661137291254,r,13.377,0.007,59344.214470,0,4096
153851661137291254,r,13.414,0.009,58468.507579,0,4096
153851661137291254,r,13.311,0.012,58217.252936,0,67112960
153851661137291254,r,13.079,0.011,58855.531284,0,4096
153851661137291254,r,13.051,0.009,59155.475247,0,4096
153851661137291254,r,13.414,0.009,59350.223801,0,4096
153851661137291254,r,13.348,0.049,58469.554353,16,67112960
153851661137291254,r,13.243,0.015,59419.164757,0,4096
153851661137291254,r,13.508,0.012,58632.180288,0,4096
153851661137291254,r,13.125,0.016,59152.487285,0,4096
153851661137291254,r,12.983,0.011,58898.373036,0,4096
153851661137291254,r,13.698,0.014,59215.471643,0,4096
153851661137291254,r,13.659,0.012,59252.328121,0,4096
153851661137291254,r,13.045,0.012,58851.461057,0,4096
153851661137291254,r,13.169,0.010,58580.225974,0,4096
153851661137291254,r,13.605,0.009,59250.388496,0,4096
153851661137291254,r,13.056,0.009,58899.355897,0,4096
153851661137291254,r,13.051,0.008,58899.287946,0,4096
153851661137291254,r,12.967,0.011,58242.263267,0,4096
153851661137291254,r,13.021,0.005,58854.459920,32,4096
153851661137291254,r,13.463,0.010,59348.199019,0,4096
153851661137291254,r,13.390,0.015,59231.478256,0,4096
153851661137291254,r,13.036,0.008,58899.346615,0,4096
153851661137291254,r,13.222,0.011,59170.548426,0,4096
153851661137291254,r,13.231,0.010,58221.237411,0,67112960
153851661137291254,r,13.239,0.017,58575.229979,0,67112960
153851661137291254,r,13.562,0.013,58422.538787,0,4096
153851661137291254,r,13.129,0.023,59423.157967,0,4096
153851661137291254,r,13.158,0.015,59168.446460,0,4096
153851661137291254,r,13.068,0.008,58854.476727,0,4096
153851661137291254,r,13.389,0.008,58971.184777,0,4096
153851661137291254,r,13.246,0.014,59419.169491,0,4096
153851661137291254,r,13.584,0.014,58423.529064,0,4096
153851661137291254,r,12.897,0.007,58880.349124,0,4096
153851661137291254,r,13.381,0.013,58572.282301,0,4096
153851661137291254,r,13.415,0.011,58972.182925,0,4096
153851661137291254,r,13.432,0.010,59346.306667,0,4096
153851661137291254,r,13.065,0.009,58849.443757,0,4096
153851661137291254,r,13.195,0.010,59165.431397,0,4096
153851661137291254,r,13.036,0.009,58900.272634,0,4096
153851661137291254,r,12.985,0.010,58243.188065,0,4096
153851661137291254,r,13.090,0.006,58855.537268,0,4096
153851661137291254,r,13.467,0.010,58567.230117,0,4096
153851661137291254,r,12.956,0.011,58242.262318,0,4352
153851661137291254,r,13.144,0.017,59418.169291,0,4096
153851661137291254,r,13.004,0.009,58898.372075,0,4097
153851661137291254,r,13.008,0.007,58903.396632,0,4096
153851661137291254,r,13.549,0.011,58560.346559,0,4096
153851661137291254,r,13.424,0.011,59140.527975,0,4096
153851661137291254,r,13.831,0.012,58284.199383,0,4096
153851661137291254,r,13.449,0.011,59125.529552,0,4096
153851661137291254,r,13.343,0.007,59342.284040,0,4096
153851661137291254,r,13.297,0.014,58217.257658,0,4096
153851661137291254,r,13.146,0.015,58860.397382,0,4096
153851661137291254,r,13.311,0.008,59352.243467,0,4097
153851661137291254,r,13.337,0.015,58214.219164,0,67112960
153851661137291254,r,12.873,0.016,58244.188480,0,4352
153851661137291254,r,13.127,0.011,59418.164453,0,4096
153851661137291254,r,13.462,0.012,58557.266654,0,4096
153851661137291254,r,13.031,0.007,58904.241755,0,4096
153851661137291254,r,13.509,0.015,59256.393839,0,4096
153851661137291254,r,13.439,0.012,59125.524806,0,4096
153851661137291254,r,13.115,0.011,58861.332551,0,4096
153851661137291254,r,13.316,0.009,58584.303252,0,4096
153851661137291254,r,13.389,0.010,58971.177231,0,4096
153851661137291254,r,13.470,0.013,58257.215708,0,4096
153851661137291254,r,13.141,0.011,58860.392348,0,4096
153851661137291254,r,12.904,0.007,58880.350050,0,4096
153851661137291254,r,13.574,0.011,58424.543799,0,4096
153851661137291254,r,13.402,0.014,58973.155057,0,4096
153851661137291254,r,13.313,0.006,59375.223719,0,4096
153851661137291254,r,13.061,0.012,59150.532234,0,4096
153851661137291254,r,13.232,0.018,59419.162385,0,4096
153851661137291254,r,13.291,0.008,59146.527224,0,67112960
153851661137291254,r,13.117,0.013,59423.160340,0,4096
153851661137291254,r,13.235,0.022,59419.160024,0,4096
153851661137291254,r,13.202,0.013,58859.301868,0,4096
153851661137291254,r,13.288,0.007,59144.532271,0,4096
153851661137291254,r,13.347,0.009,59343.197089,0,4096
153851661137291254,r,13.003,0.009,58903.395695,0,4096
153851661137291254,r,13.621,0.013,58278.238681,0,4096
153851661137291254,r,13.407,0.008,59350.224750,0,4096
153851661137291254,r,13.617,0.012,59254.396123,0,4096
153851661137291254,r,13.540,0.011,58426.505384,0,4096
153851661137291254,r,13.198,0.013,59304.178233,0,4096
153851661137291254,r,13.270,0.008,59373.217922,0,4096
153851661137291254,r,12.997,0.009,58846.456268,0,4096
153851661137291254,r,13.161,0.010,58859.480420,0,4096
153851661137291254,r,13.123,0.017,59418.171223,0,4096
153851661137291254,r,13.361,0.015,59142.532529,0,4096
153851661137291254,r,13.494,0.009,58429.534109,0,4096
153851661137291254,r,13.356,0.013,59052.178507,0,4096
153851661137291254,r,13.517,0.011,58506.438056,0,4096
153851661137291254,r,13.521,0.010,59042.180791,0,4096
153851661137291254,r,13.395,0.013,59359.200605,0,4096
153851661137291254,r,13.691,0.009,58616.166997,0,4096
153851661137291254,r,13.121,0.010,59412.176517,0,4096
153851661137291254,r,13.018,0.013,58915.389189,0,4096
153851661137291254,r,13.038,0.011,59181.495378,0,4096
153851661137291254,r,13.776,0.012,58283.201163,0,4096
153851661137291254,r,13.136,0.011,58828.426112,0,4096
153851661137291254,r,13.466,0.009,58633.171813,0,4096
153851661137291254,r,13.225,0.011,59334.263176,0,4096
153851661137291254,r,13.725,0.013,58267.297846,0,4096
153851661137291254,r,13.463,0.010,59274.416311,0,4096
153851661137291254,r,13.219,0.011,58229.198102,0,4096
153851661137291254,r,13.572,0.010,58494.452897,0,4096
153851661137291254,r,12.962,0.008,58893.314482,0,4096
153851661137291254,r,13.029,0.015,58915.390115,0,4096
153851661137291254,r,13.119,0.012,58873.330012,0,4096
153851661137291254,r,13.041,0.010,58939.191173,0,4096
153851661137291254,r,13.518,0.009,59042.175872,0,4096
153851661137291254,r,13.337,0.012,59329.257143,0,4096
153851661137291254,r,13.064,0.016,58247.226493,0,4096
153851661137291254,r,13.502,0.009,58432.533703,0,4096
153851661137291254,r,13.484,0.006,59275.356206,0,4096
153851661137291254,r,13.463,0.011,58461.536112,0,4096
153851661137291254,r,13.508,0.013,59227.399514,0,4096
153851661137291254,r,13.482,0.008,58471.540529,0,4096
153851661137291254,r,13.100,0.013,58831.455136,0,4096
153851661137291254,r,12.982,0.012,58914.387730,0,4096
153851661137291254,r,13.769,0.006,59195.498564,0,4096
153851661137291254,r,13.321,0.021,59408.176404,0,4096
153851661137291254,r,13.947,0.007,58292.237485,0,4096
153851661137291254,r,12.990,0.010,58894.282443,0,4096
153851661137291254,r,12.860,0.007,58911.232441,0,4096
153851661137291254,r,13.354,0.013,59358.286840,0,4096
153851661137291254,r,13.739,0.016,58269.179365,0,4096
153851661137291254,r,13.449,0.015,59044.170462,0,4096
153851661137291254,r,13.456,0.009,58978.224014,0,4096
153851661137291254,r,13.095,0.011,59412.177454,0,4096
153851661137291254,r,13.892,0.012,59200.533476,0,4096
153851661137291254,r,13.048,0.010,58851.496129,0,4096
153851661137291254,r,13.542,0.013,59273.222969,0,4096
153851661137291254,r,13.219,0.009,58871.500075,0,4096
153851661137291254,r,12.908,0.015,58914.388632,0,4352
153851661137291254,r,13.538,0.015,59042.185710,0,4096
153851661137291254,r,13.494,0.013,59274.367979,0,4096
153851661137291254,r,13.150,0.006,59310.320858,0,4096
153851661137291254,r,13.472,0.012,59274.415374,0,4096
153851661137291254,r,13.347,0.018,59361.198652,0,4096
153851661137291254,r,13.128,0.011,59412.175568,0,4096
153851661137291254,r,13.520,0.014,59042.170954,0,4096
153851661137291254,r,13.141,0.014,59411.179172,0,4096
153851661137291254,r,13.073,0.017,58940.243419,0,67112960
153851661137291254,r,13.147,0.020,59423.165073,0,4096
153851661137291254,r,13.241,0.008,59294.217236,0,4096
153851661137291254,r,13.511,0.005,59038.185259,0,4096
153851661137291254,r,13.245,0.008,58218.234818,0,4096
153851661137291254,r,12.965,0.005,58878.353563,0,4096
153851661137291254,r,13.756,0.013,58266.252657,0,4096
153851661137291254,r,13.494,0.009,59038.180398,0,4096
153851661137291254,r,13.048,0.012,58941.228006,0,4096
153851661137291254,r,12.972,0.015,58892.301936,0,4096
153851661137291254,r,13.146,0.011,59411.178153,0,4096
153851661137291254,r,13.186,0.012,58874.323164,0,4096
153851661137291254,r,13.456,0.011,59276.407914,0,4096
153851661137291254,r,13.272,0.012,58254.186209,0,4096
153851661137291254,r,13.366,0.013,59322.271885,0,4096
153851661137291254,r,13.489,0.010,59038.175526,0,4096
153851661137291254,r,12.985,0.016,58944.348080,0,4096
153851661137291254,r,13.414,0.013,58440.557394,0,4096
153851661137291254,r,12.974,0.010,58792.508840,0,4096
153851661137291254,r,13.125,0.014,59411.177123,0,4096
153851661137291254,r,13.347,0.012,59361.199589,0,4096
153851661137291254,r,13.162,0.013,59424.163011,0,4096
153851661137291254,r,12.969,0.009,58892.302862,0,4096
153851661137291254,r,13.465,0.010,59276.314571,0,4096
153851661137291254,r,13.452,0.010,58434.485607,0,4096
153851661137291254,r,13.277,0.009,58968.193488,0,4096
153851661137291254,r,13.484,0.032,59040.189990,0,67112960
153851661137291254,r,13.570,0.011,58606.201004,0,4096
153851661137291254,r,13.747,0.010,58266.253571,0,4096
153851661137291254,r,13.324,0.012,59328.238065,0,4096
153851661137291254,r,13.081,0.013,58939.214934,0,4096
153851661137291254,r,13.050,0.011,58849.444694,0,4096
153851661137291254,r,13.467,0.009,59276.313622,0,4096
153851661137291254,r,13.087,0.011,59308.286186,0,4096
153851661137291254,r,13.447,0.016,59044.175450,0,4096
153851661137291254,r,12.950,0.016,58893.299980,0,4096
153851661137291254,r,13.113,0.015,59412.174630,0,4096
153851661137291254,r,13.232,0.023,58221.217389,0,67112960
153851661137291254,r,13.136,0.008,58873.331505,0,4096
153851661137291254,r,12.890,0.015,58881.372695,0,4096
153851661137291254,r,13.128,0.011,58798.540517,0,4096
153851661137291254,r,13.573,0.010,58494.446277,0,4096
153851661137291254,r,13.084,0.010,58939.223394,0,4096
153851661137291254,r,13.496,0.016,59040.180060,0,4096
153851661137291254,r,13.373,0.007,59324.218804,0,4096
153851661137291254,r,13.426,0.011,58440.554477,0,4096
153851661137291254,r,13.495,0.013,59040.185025,0,4096
153851661137291254,r,13.504,0.012,59272.249022,0,4096
153851661137291254,r,13.297,0.011,59336.300907,0,4096
153851661137291254,r,13.499,0.008,58432.522834,0,4096
153851661137291254,r,13.499,0.018,58503.496063,0,4096
153851661137291254,r,13.210,0.012,59415.169403,0,4096
153851661137291254,r,13.211,0.017,58221.238383,0,67112960
153851661137291254,r,13.420,0.014,59046.180854,0,4096
153851661137291254,r,13.452,0.012,59270.166724,0,4096
153851661137291254,r,13.681,0.014,59193.516767,0,4096
153851661137291254,r,12.939,0.011,58913.212406,0,4096
153851661137291254,r,13.045,0.005,58834.507073,0,67112960
153851661137291254,r,13.367,0.009,59356.239850,0,4096
153851661137291254,r,13.201,0.011,59415.164681,0,4096
153851661137291254,r,12.905,0.013,58879.371050,0,4096
153851661137291254,r,13.442,0.019,59046.170994,0,4096
153851661137291254,r,13.088,0.009,59309.245470,0,4096
153851661137291254,r,13.458,0.022,58977.229201,0,67112960
153851661137291254,r,13.719,0.014,58269.180280,0,4096
153851661137291254,r,13.450,0.011,59270.354049,0,4096
153851661137291254,r,12.888,0.010,58245.168157,0,4096
153851661137291254,r,13.494,0.021,58977.214850,0,67112960
153851661137291254,r,13.141,0.011,58867.373187,0,4096
153851661137291254,r,13.526,0.013,58505.535552,0,4096
153851661137291254,r,13.004,0.007,58837.449957,0,4096
153851661137291254,r,13.408,0.023,59050.162591,0,4096
153851661137291254,r,13.366,0.014,59355.195634,0,4096
153851661137291254,r,13.493,0.016,58505.533573,0,4096
153851661137291254,r,13.394,0.003,58976.235557,0,4096
153851661137291254,r,13.430,0.019,59048.168682,0,4096
153851661137291254,r,13.341,0.010,59338.244685,0,4096
153851661137291254,r,13.519,0.011,59268.446329,0,4096
153851661137291254,r,13.410,0.015,59050.167533,0,4096
153851661137291254,r,13.202,0.013,59415.167042,0,4096
153851661137291254,r,13.197,0.019,58231.183614,0,4096
153851661137291254,r,12.918,0.011,58912.431738,0,4096
153851661137291254,r,13.195,0.016,59297.271710,0,4096
153851661137291254,r,13.468,0.016,59269.385942,0,4096
153851661137291254,r,13.434,0.015,59048.163741,0,4096
153851661137291254,r,13.525,0.009,58430.476040,0,4096
153851661137291254,r,13.154,0.009,58867.374125,0,4096
153851661137291254,r,13.118,0.005,58853.551020,0,4096
153851661137291254,r,13.458,0.015,59046.166052,0,4096
153851661137291254,r,12.931,0.010,58912.430800,0,4096
153851661137291254,r,12.981,0.004,58894.283369,0,4096
153851661137291254,r,13.204,0.007,58871.496858,0,4096
153851661137291254,r,13.729,0.010,59219.475840,0,4096
153851661137291254,r,13.479,0.015,59044.185415,0,4096
153851661137291254,r,13.333,0.007,58594.162003,0,4096
153851661137291254,r,13.737,0.010,58271.180134,0,4096
153851661137291254,r,13.526,0.012,58597.328342,0,4096
153851661137291254,r,13.350,0.019,59358.285914,0,4096
153851661137291254,r,12.949,0.013,58246.217839,0,4096
153851661137291254,r,13.616,0.009,58280.196982,0,4096
153851661137291254,r,12.951,0.011,58913.250588,0,4096
153851661137291254,r,13.475,0.014,59271.287711,0,4096
153851661137291254,r,13.466,0.011,59044.180427,0,4096
153851661137291254,r,13.243,0.009,58218.217273,0,4096
153851661137291254,r,13.510,0.014,58502.534050,0,4096
153851661137291254,r,13.206,0.010,58871.499149,0,4096
153851661137291254,r,13.354,0.013,59052.161030,0,4096
153851661137291254,r,13.129,0.013,59412.178403,0,4096
153851661137291254,r,12.886,0.015,58881.371758,0,4096
153851661137291254,r,13.279,0.010,58968.194425,0,4097
153851661137291254,r,13.001,0.014,58894.284295,0,4096
153851661137291254,r,13.434,0.008,58466.472865,0,67112960
153851661137291254,r,13.495,0.013,58502.537013,0,4096
153851661137291254,r,13.209,0.015,59415.162308,0,4096
153851661137291254,r,13.440,0.006,58431.537982,0,4096
153851661137291254,r,13.459,0.011,59270.355924,0,4096
153851661137291254,r,13.298,0.009,59336.309124,0,4096
153851661137291254,r,13.252,0.011,59371.222242,0,4096
153851661137291254,r,13.115,0.010,58833.452254,0,4096
153851661137291254,r,13.413,0.019,59050.172464,0,4096
153851661137291254,r,13.128,0.009,59423.162712,0,4096
153851661137291254,r,12.923,0.009,58913.242521,0,4096
153851661137291254,r,13.212,0.011,59295.270710,0,4096
153851661137291254,r,13.457,0.011,58557.254594,0,4096
153851661137291254,r,13.325,0.015,58540.245379,0,4096
153851661137291254,r,13.007,0.013,59181.381722,0,4096
153851661137291254,r,13.292,0.013,58574.217152,0,67112960
153851661137291254,r,13.584,0.009,58481.465371,0,4096
153851661137291254,r,13.721,0.009,58618.215551,0,4096
153851661137291254,r,13.093,0.011,58851.461960,0,4096
153851661137291254,r,13.365,0.016,58970.208559,0,4096
153851661137291254,r,13.363,0.009,58468.520960,0,4096
153851661137291254,r,13.044,0.009,58854.459018,0,4096
153851661137291254,r,13.761,0.006,58513.474627,8,67112960
153851661137291254,r,13.049,0.012,58899.287494,0,4097
153851661137291254,r,13.064,0.016,58854.459469,0,4096
153851661137291254,r,13.163,0.013,59164.552247,0,4097
153851661137291254,r,13.511,0.014,58503.497903,0,67112960
153851661137291254,r,13.199,0.013,59166.554919,0,4096
153851661137291254,r,13.433,0.011,58546.317469,0,4096
153851661137291254,r,13.423,0.011,58589.229612,0,4096
153851661137291254,r,13.105,0.013,58851.461509,0,4096
153851661137291254,r,13.557,0.008,58476.445525,0,4096
153851661137291254,r,13.519,0.011,58449.452813,0,67112960
153851661137291254,r,13.197,0.017,58771.507216,0,4096
153851661137291254,r,13.522,0.015,58448.471026,0,4096
153851661137291254,r,13.039,0.015,58899.287043,0,4096
153851661137291254,r,13.353,0.011,58592.285519,0,4096
153851661137291254,r,13.132,0.009,59182.416928,0,4096
153851661137291254,r,13.548,0.010,58492.457028,0,67112960
153851661137291254,r,13.367,0.013,58970.208096,0,4096
153851661137291254,r,13.136,0.012,58833.453157,0,4096
153851661137291254,r,13.630,0.011,58606.243582,0,4096
153851661137291254,r,13.017,0.014,59181.381248,0,4096
153851661137291254,r,13.560,0.009,58559.211901,0,4096
153851661137291254,r,13.268,0.010,58582.204775,0,4096
153851661137291254,r,13.335,0.012,58593.268584,0,4096
153851661137291254,r,13.578,0.011,58455.529210,0,4096
153851661137291254,r,13.247,0.019,58859.301417,0,4096
153851661137291254,r,13.304,0.022,58539.338256,0,67112960
153851661137291254,r,13.479,0.008,58597.243499,0,4096
153851661137291254,r,13.146,0.011,58833.452694,0,4096
153851661137291254,r,12.965,0.054,58939.191625,0,67112960
153851661137291254,r,13.483,0.017,58558.210396,0,4096
153851661137291254,r,13.115,0.010,59182.416465,0,4096
153851661137291254,r,12.914,0.013,58913.211955,0,4096
153851661137291254,r,13.538,0.014,58442.396015,0,4096
153851661137291254,r,13.540,0.011,58439.398416,0,4096
153851661137291254,r,12.998,0.013,58846.431128,0,4096
153851661137291254,r,12.998,0.008,58846.430676,0,4096
153851661137291254,r,13.542,0.012,58493.450420,0,4096
153851661137291254,r,12.950,0.008,58893.330455,0,4096
153851661137291254,r,13.192,0.013,59166.555394,0,4096
153851661137291254,r,13.212,0.023,58859.295618,0,4096
153851661137291254,r,12.943,0.015,58893.330906,0,4096
153851661137291254,r,13.188,0.013,58771.507668,0,4096
153851661137291254,r,13.286,0.008,60085.285788,0,67112960
153851661137291254,r,12.754,0.008,59970.374036,0,4096
153851661137291254,r,12.876,0.011,59639.270994,0,4096
153851661137291254,r,12.925,0.018,59992.374582,0,67112960
153851661137291254,r,13.057,0.009,59624.355528,0,4096
153851661137291254,r,13.404,0.016,60117.185626,0,4096
153851661137291254,r,13.089,0.013,60222.517446,0,4096
153851661137291254,r,13.100,0.009,59623.386524,0,4096
153851661137291254,r,12.918,0.018,59983.397733,0,4096
153851661137291254,r,12.890,0.011,59638.390437,0,4096
153851661137291254,r,12.998,0.011,59636.348304,0,67112960
153851661137291254,r,12.977,0.008,59636.416845,0,67112960
153851661137291254,r,13.065,0.009,60222.512388,0,4096
153851661137291254,r,12.890,0.008,59639.505018,0,4096
153851661137291254,r,13.159,0.015,59630.182817,0,67112960
153851661137291254,r,13.159,0.012,59625.166287,0,4096
153851661137291254,r,13.524,0.011,60097.218349,0,4096
153851661137291254,r,12.988,0.015,59641.277481,0,4096
153851661137291254,r,13.006,0.011,59637.407241,0,67112960
153851661137291254,r,13.103,0.007,59622.376743,0,4096
153851661137291254,r,13.098,0.010,60017.380263,0,67112960
153851661137291254,r,12.924,0.011,59640.406974,0,4096
153851661137291254,r,13.183,0.016,59628.461076,0,4096
153851661137291254,r,13.094,0.011,59630.490514,0,4096
153851661137291254,r,13.091,0.007,59622.529893,0,4096
153851661137291254,r,13.118,0.009,59623.269370,0,4096
153851661137291254,r,13.103,0.016,59629.520130,0,4096
153851661137291254,r,13.174,0.017,59627.539683,0,4096
153851661137291254,r,13.047,0.011,59624.395609,0,4096
153851661137291254,r,13.277,0.009,60086.170307,0,67112960
153851661137291254,r,13.025,0.026,60221.516394,16,4096
153851661137291254,i,13.157,0.009,59263.326944,0,4096
153851661137291254,i,13.253,0.009,58971.328527,0,4096
153851661137291254,i,12.877,0.004,58876.418485,0,4096
153851661137291254,i,12.819,0.017,58884.335980,0,4096
153851661137291254,i,13.411,0.008,59223.434602,0,4096
153851661137291254,i,12.899,0.015,59158.544181,32,67112960
153851661137291254,i,13.297,0.009,59281.311405,0,4096
153851661137291254,i,13.376,0.011,59248.344556,0,67112960
153851661137291254,i,12.822,0.007,58905.332801,0,4096
153851661137291254,i,13.337,0.009,59226.482797,0,4096
153851661137291254,i,13.318,0.010,59272.353303,0,4096
153851661137291254,i,13.108,0.009,59319.288529,0,4096
153851661137291254,i,13.209,0.004,59260.356337,0,4096
153851661137291254,i,13.322,0.024,58257.180283,0,4096
153851661137291254,i,13.322,0.009,59275.379666,0,4096
153851661137291254,i,13.171,0.013,59354.205904,0,4096
153851661137291254,i,13.399,0.008,59254.375092,0,4096
153851661137291254,i,12.981,0.011,59314.314393,0,4096
153851661137291254,i,13.055,0.011,58859.420255,0,4096
153851661137291254,i,13.497,0.021,58261.197127,0,4096
153851661137291254,i,13.007,0.009,59168.546041,0,4096
153851661137291254,i,13.309,0.007,59257.430577,0,4096
153851661137291254,i,12.744,0.011,58912.307284,0,4096
153851661137291254,i,13.197,0.021,59383.277561,0,4096
153851661137291254,i,13.203,0.008,59266.348140,0,4096
153851661137291254,i,13.216,0.005,59325.243938,0,4096
153851661137291254,i,13.589,0.007,59210.454590,0,4096
153851661137291254,i,13.185,0.007,58591.293900,0,4096
153851661137291254,i,13.610,0.007,59202.471407,0,4096
153851661137291254,i,13.168,0.009,59342.193064,0,4096
153851661137291254,i,13.544,0.021,59205.416102,0,67112960
153851661137291254,i,13.454,0.006,59251.351561,0,4096
153851661137291254,i,13.335,0.010,58979.364532,0,4096
153851661137291254,i,13.250,0.009,59229.499175,0,4096
153851661137291254,i,13.176,0.016,59232.452123,0,4096
153851661137291254,i,13.100,0.008,59334.299898,0,4096
153851661137291254,i,13.015,0.007,59164.491108,0,4096
153851661137291254,i,13.175,0.024,59189.534487,0,4096
153851661137291254,i,13.299,0.009,59029.177806,0,4096
153851661137291254,i,13.265,0.012,58975.325250,0,4096
153851661137291254,i,13.436,0.018,58261.166216,0,4096
153851661137291254,i,13.347,0.008,59025.256253,0,4096
153851661137291254,i,13.536,0.009,59220.393965,0,4096
153851661137291254,i,13.052,0.014,58966.278464,0,67112960
153851661137291254,i,12.743,0.010,59179.405381,0,4096
153851661137291254,i,12.956,0.007,59311.260291,0,4096
153851661137291254,i,13.285,0.017,59140.478075,0,4096
153851661137291254,i,13.635,0.005,59199.499226,0,4096
153851661137291254,i,12.947,0.012,59308.310016,0,4096
153851661137291254,i,12.779,0.011,58905.332350,0,4096
153851661137291254,i,12.988,0.020,58864.373177,0,4096
153851661137291254,i,13.107,0.010,58582.313854,0,67112960
153851661137291254,i,12.737,0.012,58912.306833,0,4096
153851661137291254,i,12.892,0.012,58876.418937,0,4096
153851661137291254,i,12.808,0.007,58884.336419,0,4096
153851661137291254,i,12.910,0.026,59727.197083,0,67112960
153851661137291254,i,13.037,0.013,59724.186865,0,4096
153851661137291254,i,12.693,0.004,59639.230543,0,4096
153851661137291254,i,13.114,0.010,59715.309659,0,4096
153851661137291254,i,13.139,0.007,59677.266529,0,4096
153851661137291254,i,12.591,0.009,59755.198150,0,4096
153851661137291254,i,12.995,0.009,59627.415887,0,4096
153851661137291254,i,12.974,0.010,59625.315652,0,4096
153851661136231607,r,13.027,0.020,58534.378153,0,4096
153851661136231607,r,16.147,0.014,59629.520130,0,4096
